{
    "providers": [
            { "type": "bitmap", "file": "minecraft:item/enchantmentplus/table/gui.png", "ascent": 13, "height": 71, "chars": ["\uAA01"]},

            { "type": "bitmap", "file": "minecraft:item/enchantmentplus/recipes/icon/sword.png", "ascent": 11, "height": 14, "chars": ["\uAB01"]},
            { "type": "bitmap", "file": "minecraft:item/enchantmentplus/recipes/icon/pickaxe.png", "ascent": 11, "height": 14, "chars": ["\uAB02"]},
            { "type": "bitmap", "file": "minecraft:item/enchantmentplus/recipes/icon/axe.png", "ascent": 11, "height": 14, "chars": ["\uAB03"]},
            { "type": "bitmap", "file": "minecraft:item/enchantmentplus/recipes/icon/shovel.png", "ascent": 11, "height": 14, "chars": ["\uAB04"]},
            { "type": "bitmap", "file": "minecraft:item/enchantmentplus/recipes/icon/hoe.png", "ascent": 11, "height": 14, "chars": ["\uAB05"]},
            { "type": "bitmap", "file": "minecraft:item/enchantmentplus/recipes/icon/helmet.png", "ascent": 10, "height": 16, "chars": ["\uAB06"]},
            { "type": "bitmap", "file": "minecraft:item/enchantmentplus/recipes/icon/chestplate.png", "ascent": 11, "height": 16, "chars": ["\uAB07"]},
            { "type": "bitmap", "file": "minecraft:item/enchantmentplus/recipes/icon/leggings.png", "ascent": 11, "height": 16, "chars": ["\uAB08"]},
            { "type": "bitmap", "file": "minecraft:item/enchantmentplus/recipes/icon/boots.png", "ascent": 11, "height": 16, "chars": ["\uAB09"]},
            { "type": "bitmap", "file": "minecraft:item/bow.png", "ascent": 11, "height": 14, "chars": ["\uAB10"]},
            { "type": "bitmap", "file": "minecraft:item/crossbow_standby.png", "ascent": 11, "height": 14, "chars": ["\uAB11"]},
            { "type": "bitmap", "file": "minecraft:item/trident.png", "ascent": 11, "height": 14, "chars": ["\uAB12"]},
            { "type": "bitmap", "file": "minecraft:item/turtle_helmet.png", "ascent": 11, "height": 16, "chars": ["\uAB13"]},
            { "type": "bitmap", "file": "minecraft:item/elytra.png", "ascent": 11, "height": 16, "chars": ["\uAB14"]},
            { "type": "bitmap", "file": "minecraft:item/fishing_rod.png", "ascent": 11, "height": 14, "chars": ["\uAB15"]},
            { "type": "bitmap", "file": "minecraft:item/shears.png", "ascent": 11, "height": 14, "chars": ["\uAB16"]},

            { "type": "bitmap", "file": "minecraft:item/enchantmentplus/recipes/custom/autosmelt.png", "ascent": 7, "height": 64, "chars": ["\uAC01"]},
            { "type": "bitmap", "file": "minecraft:item/enchantmentplus/recipes/custom/beheading.png", "ascent": 7, "height": 64, "chars": ["\uAC02"]},
            { "type": "bitmap", "file": "minecraft:item/enchantmentplus/recipes/custom/direct.png", "ascent": 7, "height": 64, "chars": ["\uAC03"]},
            { "type": "bitmap", "file": "minecraft:item/enchantmentplus/recipes/custom/feeder.png", "ascent": 7, "height": 64, "chars": ["\uAC04"]},
            { "type": "bitmap", "file": "minecraft:item/enchantmentplus/recipes/custom/fists.png", "ascent": 7, "height": 64, "chars": ["\uAC05"]},
            { "type": "bitmap", "file": "minecraft:item/enchantmentplus/recipes/custom/leaping.png", "ascent": 7, "height": 64, "chars": ["\uAC06"]},
            { "type": "bitmap", "file": "minecraft:item/enchantmentplus/recipes/custom/lifesteal.png", "ascent": 7, "height": 64, "chars": ["\uAC07"]},
            { "type": "bitmap", "file": "minecraft:item/enchantmentplus/recipes/custom/lightness.png", "ascent": 7, "height": 64, "chars": ["\uAC08"]},
            { "type": "bitmap", "file": "minecraft:item/enchantmentplus/recipes/custom/lumberjack.png", "ascent": 7, "height": 64, "chars": ["\uAC09"]},
            { "type": "bitmap", "file": "minecraft:item/enchantmentplus/recipes/custom/owleye.png", "ascent": 7, "height": 64, "chars": ["\uAC10"]},
            { "type": "bitmap", "file": "minecraft:item/enchantmentplus/recipes/custom/thermal.png", "ascent": 7, "height": 64, "chars": ["\uAC11"]},
            { "type": "bitmap", "file": "minecraft:item/enchantmentplus/recipes/custom/traveler.png", "ascent": 7, "height": 64, "chars": ["\uAC12"]},
            { "type": "bitmap", "file": "minecraft:item/enchantmentplus/recipes/custom/unbreakable.png", "ascent": 7, "height": 64, "chars": ["\uAC13"]},
            { "type": "bitmap", "file": "minecraft:item/enchantmentplus/recipes/custom/veinminer.png", "ascent": 7, "height": 64, "chars": ["\uAC14"]},
            { "type": "bitmap", "file": "minecraft:item/enchantmentplus/recipes/custom/wide.png", "ascent": 7, "height": 64, "chars": ["\uAC15"]},

            { "type": "bitmap", "file": "minecraft:item/enchantmentplus/recipes/other/combine_book.png", "ascent": 7, "height": 64, "chars": ["\uAD01"]},
            { "type": "bitmap", "file": "minecraft:item/enchantmentplus/recipes/other/disenchant.png", "ascent": 7, "height": 64, "chars": ["\uAD02"]},
            { "type": "bitmap", "file": "minecraft:item/enchantmentplus/recipes/other/remove_custom.png", "ascent": 7, "height": 64, "chars": ["\uAD03"]},
            { "type": "bitmap", "file": "minecraft:item/enchantmentplus/recipes/other/remove_vanilla.png", "ascent": 7, "height": 64, "chars": ["\uAD04"]},

            { "type": "bitmap", "file": "minecraft:item/enchantmentplus/recipes/resource/aqua_affinity.png", "ascent": 7, "height": 64, "chars": ["\uAE01"]},
            { "type": "bitmap", "file": "minecraft:item/enchantmentplus/recipes/resource/bane_of_arthropods.png", "ascent": 7, "height": 64, "chars": ["\uAE02"]},
            { "type": "bitmap", "file": "minecraft:item/enchantmentplus/recipes/resource/blast_protection.png", "ascent": 7, "height": 64, "chars": ["\uAE03"]},
            { "type": "bitmap", "file": "minecraft:item/enchantmentplus/recipes/resource/channeling.png", "ascent": 7, "height": 64, "chars": ["\uAE04"]},
            { "type": "bitmap", "file": "minecraft:item/enchantmentplus/recipes/resource/curse_of_binding.png", "ascent": 7, "height": 64, "chars": ["\uAE05"]},
            { "type": "bitmap", "file": "minecraft:item/enchantmentplus/recipes/resource/curse_of_vanishing.png", "ascent": 7, "height": 64, "chars": ["\uAE06"]},
            { "type": "bitmap", "file": "minecraft:item/enchantmentplus/recipes/resource/damage.png", "ascent": 7, "height": 64, "chars": ["\uAE07"]},
            { "type": "bitmap", "file": "minecraft:item/enchantmentplus/recipes/resource/depth_strider.png", "ascent": 7, "height": 64, "chars": ["\uAE08"]},
            { "type": "bitmap", "file": "minecraft:item/enchantmentplus/recipes/resource/feather_falling.png", "ascent": 7, "height": 64, "chars": ["\uAE09"]},
            { "type": "bitmap", "file": "minecraft:item/enchantmentplus/recipes/resource/fire.png", "ascent": 7, "height": 64, "chars": ["\uAE10"]},
            { "type": "bitmap", "file": "minecraft:item/enchantmentplus/recipes/resource/fire_protection.png", "ascent": 7, "height": 64, "chars": ["\uAE11"]},
            { "type": "bitmap", "file": "minecraft:item/enchantmentplus/recipes/resource/frost_walker.png", "ascent": 7, "height": 64, "chars": ["\uAE12"]},
            { "type": "bitmap", "file": "minecraft:item/enchantmentplus/recipes/resource/haste.png", "ascent": 7, "height": 64, "chars": ["\uAE13"]},
            { "type": "bitmap", "file": "minecraft:item/enchantmentplus/recipes/resource/impaling.png", "ascent": 7, "height": 64, "chars": ["\uAE14"]},
            { "type": "bitmap", "file": "minecraft:item/enchantmentplus/recipes/resource/infinity.png", "ascent": 7, "height": 64, "chars": ["\uAE15"]},
            { "type": "bitmap", "file": "minecraft:item/enchantmentplus/recipes/resource/loyalty.png", "ascent": 7, "height": 64, "chars": ["\uAE16"]},
            { "type": "bitmap", "file": "minecraft:item/enchantmentplus/recipes/resource/luck.png", "ascent": 7, "height": 64, "chars": ["\uAE17"]},
            { "type": "bitmap", "file": "minecraft:item/enchantmentplus/recipes/resource/mending.png", "ascent": 7, "height": 64, "chars": ["\uAE18"]},
            { "type": "bitmap", "file": "minecraft:item/enchantmentplus/recipes/resource/multishot.png", "ascent": 7, "height": 64, "chars": ["\uAE19"]},
            { "type": "bitmap", "file": "minecraft:item/enchantmentplus/recipes/resource/piercing.png", "ascent": 7, "height": 64, "chars": ["\uAE20"]},
            { "type": "bitmap", "file": "minecraft:item/enchantmentplus/recipes/resource/projectile_protection.png", "ascent": 7, "height": 64, "chars": ["\uAE21"]},
            { "type": "bitmap", "file": "minecraft:item/enchantmentplus/recipes/resource/protection.png", "ascent": 7, "height": 64, "chars": ["\uAE22"]},
            { "type": "bitmap", "file": "minecraft:item/enchantmentplus/recipes/resource/push.png", "ascent": 7, "height": 64, "chars": ["\uAE23"]},
            { "type": "bitmap", "file": "minecraft:item/enchantmentplus/recipes/resource/respiration.png", "ascent": 7, "height": 64, "chars": ["\uAE24"]},
            { "type": "bitmap", "file": "minecraft:item/enchantmentplus/recipes/resource/riptide.png", "ascent": 7, "height": 64, "chars": ["\uAE25"]},
            { "type": "bitmap", "file": "minecraft:item/enchantmentplus/recipes/resource/silk_touch.png", "ascent": 7, "height": 64, "chars": ["\uAE26"]},
            { "type": "bitmap", "file": "minecraft:item/enchantmentplus/recipes/resource/smite.png", "ascent": 7, "height": 64, "chars": ["\uAE27"]},
            { "type": "bitmap", "file": "minecraft:item/enchantmentplus/recipes/resource/soul_speed.png", "ascent": 7, "height": 64, "chars": ["\uAE28"]},
            { "type": "bitmap", "file": "minecraft:item/enchantmentplus/recipes/resource/sweeping_edge.png", "ascent": 7, "height": 64, "chars": ["\uAE29"]},
            { "type": "bitmap", "file": "minecraft:item/enchantmentplus/recipes/resource/thorns.png", "ascent": 7, "height": 64, "chars": ["\uAE30"]},
            { "type": "bitmap", "file": "minecraft:item/enchantmentplus/recipes/resource/unbreaking.png", "ascent": 7, "height": 64, "chars": ["\uAE31"]},

            { "type": "bitmap", "file": "minecraft:item/enchantmentplus/recipes/vanilla/table.png", "ascent": 7, "height": 64, "chars": ["\uAF01"]},
            { "type": "bitmap", "file": "minecraft:item/enchantmentplus/recipes/vanilla/guide.png", "ascent": 7, "height": 64, "chars": ["\uAF02"]},
            { "type": "bitmap", "file": "minecraft:item/enchantmentplus/recipes/vanilla/podzol.png", "ascent": 7, "height": 64, "chars": ["\uAF03"]}
    ]
}
