{
	"credit": "Made with Blockbench",
	"ambientocclusion": false,
	"textures": {
		"0": "block/redstone_block",
		"1": "block/gray_concrete_powder",
		"2": "block/black_concrete",
		"3": "block/gray_concrete",
		"4": "block/white_concrete",
		"5": "block/black_concrete_powder",
		"6": "block/blue_terracotta",
		"7": "block/blue_concrete",
		"particle": "block/redstone_block"
	},
	"elements": [
		{
			"name": "core_upper_right",
			"from": [7.425, 8.375, 6.5],
			"to": [7.625, 8.575, 9.025],
			"rotation": {"angle": 0, "axis": "y", "origin": [7.9, 8.1, 10.025]},
			"faces": {
				"north": {"uv": [0, 0, 0.5, 8], "texture": "#3"},
				"east": {"uv": [0, 0, 0.5, 8], "texture": "#3"},
				"south": {"uv": [0, 0, 0.5, 8], "texture": "#3"},
				"west": {"uv": [0, 0, 0.5, 8], "texture": "#3"},
				"up": {"uv": [0, 0, 0.5, 8], "texture": "#3"},
				"down": {"uv": [0, 0, 0.5, 8], "texture": "#3"}
			}
		},
		{
			"name": "core_lower_right",
			"from": [7.45, 7.45, 6.5],
			"to": [7.65, 7.65, 9.025],
			"rotation": {"angle": 0, "axis": "y", "origin": [7.925, 7.175, 10.025]},
			"faces": {
				"north": {"uv": [0, 0, 16, 16], "texture": "#3"},
				"east": {"uv": [0, 0, 16, 16], "texture": "#3"},
				"south": {"uv": [0, 0, 16, 16], "texture": "#3"},
				"west": {"uv": [0, 0, 16, 16], "texture": "#3"},
				"up": {"uv": [0, 0, 16, 16], "texture": "#3"},
				"down": {"uv": [0, 0, 16, 16], "texture": "#3"}
			}
		},
		{
			"name": "core_lower_left",
			"from": [8.375, 7.45, 6.5],
			"to": [8.575, 7.65, 9.025],
			"rotation": {"angle": 0, "axis": "y", "origin": [8.85, 7.175, 10.025]},
			"faces": {
				"north": {"uv": [0, 0, 0, 0], "texture": "#3"},
				"east": {"uv": [0, 0, 0, 0], "texture": "#3"},
				"south": {"uv": [0, 0, 0, 0], "texture": "#3"},
				"west": {"uv": [0, 0, 0, 0], "texture": "#3"},
				"up": {"uv": [0, 0, 0, 0], "texture": "#3"},
				"down": {"uv": [0, 0, 0, 0], "texture": "#3"}
			}
		},
		{
			"name": "core_main",
			"from": [7.85, 7.85, 7.225],
			"to": [8.15, 8.15, 8.1],
			"rotation": {"angle": 0, "axis": "y", "origin": [8.375, 7.625, 9.3]},
			"faces": {
				"north": {"uv": [3, 3, 13, 10], "texture": "#0"},
				"east": {"uv": [3, 3, 13, 10], "texture": "#0"},
				"south": {"uv": [3, 3, 13, 10], "texture": "#0"},
				"west": {"uv": [3, 3, 13, 10], "texture": "#0"},
				"up": {"uv": [3, 3, 13, 10], "texture": "#0"},
				"down": {"uv": [3, 3, 13, 10], "texture": "#0"}
			}
		},
		{
			"name": "core_small_back",
			"from": [7.9, 7.9, 7.075],
			"to": [8.1, 8.1, 8.3],
			"rotation": {"angle": 0, "axis": "y", "origin": [8.375, 7.625, 9.3]},
			"faces": {
				"north": {"uv": [7, 6, 8, 7], "texture": "#0"},
				"east": {"uv": [7, 6, 8, 7], "texture": "#0"},
				"south": {"uv": [7, 6, 8, 7], "texture": "#0"},
				"west": {"uv": [7, 6, 8, 7], "texture": "#0"},
				"up": {"uv": [7, 6, 8, 7], "texture": "#0"},
				"down": {"uv": [7, 6, 8, 7], "texture": "#0"}
			}
		},
		{
			"name": "core_smaller_back",
			"from": [7.95, 7.95, 6.925],
			"to": [8.05, 8.05, 7.05],
			"rotation": {"angle": 0, "axis": "y", "origin": [8.4, 7.6, 9.125]},
			"faces": {
				"north": {"uv": [7, 6, 8, 7], "texture": "#0"},
				"east": {"uv": [7, 6, 8, 7], "texture": "#0"},
				"south": {"uv": [7, 6, 8, 7], "texture": "#0"},
				"west": {"uv": [7, 6, 8, 7], "texture": "#0"},
				"up": {"uv": [7, 6, 8, 7], "texture": "#0"},
				"down": {"uv": [7, 6, 8, 7], "texture": "#0"}
			}
		},
		{
			"name": "core_small_front",
			"from": [7.925, 7.925, 8.225],
			"to": [8.075, 8.075, 8.375],
			"rotation": {"angle": 0, "axis": "y", "origin": [8.375, 7.6, 10.45]},
			"faces": {
				"north": {"uv": [8, 7, 9, 8], "texture": "#0"},
				"east": {"uv": [8, 7, 9, 8], "texture": "#0"},
				"south": {"uv": [8, 7, 9, 8], "texture": "#0"},
				"west": {"uv": [8, 7, 9, 8], "texture": "#0"},
				"up": {"uv": [8, 7, 9, 8], "texture": "#0"},
				"down": {"uv": [8, 7, 9, 8], "texture": "#0"}
			}
		},
		{
			"name": "core_big_part",
			"from": [7.925, 7.925, 7],
			"to": [8.075, 8.075, 7.15],
			"rotation": {"angle": 0, "axis": "y", "origin": [8.375, 7.6, 9.225]},
			"faces": {
				"north": {"uv": [7, 7, 8, 8], "texture": "#0"},
				"east": {"uv": [7, 7, 8, 8], "texture": "#0"},
				"south": {"uv": [7, 7, 8, 8], "texture": "#0"},
				"west": {"uv": [7, 7, 8, 8], "texture": "#0"},
				"up": {"uv": [7, 7, 8, 8], "texture": "#0"},
				"down": {"uv": [7, 7, 8, 8], "texture": "#0"}
			}
		},
		{
			"name": "core_upper_left",
			"from": [8.375, 8.375, 6.5],
			"to": [8.575, 8.575, 9.025],
			"rotation": {"angle": 0, "axis": "y", "origin": [8.85, 8.1, 10.025]},
			"faces": {
				"north": {"uv": [0, 0, 0, 0], "texture": "#3"},
				"east": {"uv": [0, 0, 0, 0], "texture": "#3"},
				"south": {"uv": [0, 0, 0, 0], "texture": "#3"},
				"west": {"uv": [0, 0, 0, 0], "texture": "#3"},
				"up": {"uv": [0, 0, 0, 0], "texture": "#3"},
				"down": {"uv": [0, 0, 0, 0], "texture": "#3"}
			}
		},
		{
			"name": "core_smaller_front",
			"from": [7.95, 7.95, 8.3],
			"to": [8.05, 8.05, 8.425],
			"rotation": {"angle": 0, "axis": "y", "origin": [8.4, 7.6, 10.5]},
			"faces": {
				"north": {"uv": [6, 6, 7, 7], "texture": "#0"},
				"east": {"uv": [6, 6, 7, 7], "texture": "#0"},
				"south": {"uv": [6, 6, 7, 7], "texture": "#0"},
				"west": {"uv": [6, 6, 7, 7], "texture": "#0"},
				"up": {"uv": [6, 6, 7, 7], "texture": "#0"},
				"down": {"uv": [6, 6, 7, 7], "texture": "#0"}
			}
		},
		{
			"name": "body_back",
			"from": [7.525, 7.525, 0],
			"to": [8.475, 8.475, 6.5],
			"rotation": {"angle": 0, "axis": "y", "origin": [8, 8, 3.5]},
			"faces": {
				"north": {"uv": [0, 0, 0.5, 0.5], "texture": "#missing"},
				"east": {"uv": [0, 0, 15, 2], "texture": "#1"},
				"south": {"uv": [0, 0, 0.5, 0.5], "texture": "#2"},
				"west": {"uv": [0, 0, 16, 2], "texture": "#1"},
				"up": {"uv": [8, 0, 10, 16], "texture": "#1"},
				"down": {"uv": [2, 0, 5, 16], "texture": "#1"}
			}
		},
		{
			"name": "body_back2",
			"from": [7.475, 7.225, 0],
			"to": [8.55, 8.5, 3.225],
			"rotation": {"angle": 0, "axis": "y", "origin": [8, 8, 3.5]},
			"faces": {
				"north": {"uv": [0, 0, 0, 0], "texture": "#2"},
				"east": {"uv": [0, 0, 0, 0], "texture": "#2"},
				"south": {"uv": [0, 0, 0, 0], "texture": "#2"},
				"west": {"uv": [0, 0, 0, 0], "texture": "#2"},
				"up": {"uv": [0, 0, 0, 0], "texture": "#2"},
				"down": {"uv": [0, 0, 0, 0], "texture": "#2"}
			}
		},
		{
			"name": "body_front",
			"from": [7.525, 7.525, 9.025],
			"to": [8.475, 8.475, 15.525],
			"rotation": {"angle": 0, "axis": "y", "origin": [8, 8, 12.525]},
			"faces": {
				"north": {"uv": [12, 0, 14, 2], "texture": "#2"},
				"east": {"uv": [0, 0, 16, 2], "texture": "#1"},
				"south": {"uv": [0, 0, 16, 5], "texture": "#1"},
				"west": {"uv": [0, 0, 16, 2], "texture": "#1"},
				"up": {"uv": [0, 0, 2, 16], "texture": "#1"},
				"down": {"uv": [0, 0, 2, 16], "texture": "#1"}
			}
		},
		{
			"name": "handle_front2",
			"from": [7.825, 6.17584, 7.27851],
			"to": [8.25, 6.47584, 9.12851],
			"rotation": {"angle": 0, "axis": "y", "origin": [7.75, 6.10084, 5.10351]},
			"faces": {
				"north": {"uv": [0, 0, 0, 0], "texture": "#3"},
				"east": {"uv": [0, 0, 0, 0], "texture": "#3"},
				"south": {"uv": [0, 0, 0, 0], "texture": "#3"},
				"west": {"uv": [0, 0, 0, 0], "texture": "#3"},
				"up": {"uv": [0, 0, 0, 0], "texture": "#3"},
				"down": {"uv": [0, 0, 0, 0], "texture": "#3"}
			}
		},
		{
			"name": "handle_front1",
			"from": [7.85, 6.8, 8.725],
			"to": [8.225, 7.175, 10.575],
			"rotation": {"angle": -45, "axis": "x", "origin": [8.0375, 6.9875, 9.65]},
			"faces": {
				"north": {"uv": [0, 0, 0, 0], "texture": "#3"},
				"east": {"uv": [0, 0, 0, 0], "texture": "#3"},
				"south": {"uv": [0, 0, 0, 0], "texture": "#3"},
				"west": {"uv": [0, 0, 0, 0], "texture": "#3"},
				"up": {"uv": [0, 0, 0, 0], "texture": "#3"},
				"down": {"uv": [0, 0, 0, 0], "texture": "#3"}
			}
		},
		{
			"name": "handle_front3",
			"from": [7.85, 6.8, 5.83202],
			"to": [8.225, 7.175, 7.68202],
			"rotation": {"angle": 45, "axis": "x", "origin": [8.0375, 6.9875, 6.75702]},
			"faces": {
				"north": {"uv": [0, 0, 0, 0], "texture": "#3"},
				"east": {"uv": [0, 0, 0, 0], "texture": "#3"},
				"south": {"uv": [0, 0, 0, 0], "texture": "#3"},
				"west": {"uv": [0, 0, 0, 0], "texture": "#3"},
				"up": {"uv": [0, 0, 0, 0], "texture": "#3"},
				"down": {"uv": [0, 0, 0, 0], "texture": "#3"}
			}
		},
		{
			"name": "handle_back1",
			"from": [7.75, 5.92416, 5.00351],
			"to": [8.275, 7.92416, 5.40351],
			"rotation": {"angle": 22.5, "axis": "x", "origin": [8.05, 6.92416, 5.20351]},
			"faces": {
				"north": {"uv": [0, 0, 0, 0], "rotation": 270, "texture": "#3"},
				"east": {"uv": [0, 0, 0, 0], "rotation": 270, "texture": "#3"},
				"south": {"uv": [0, 0, 0, 0], "rotation": 270, "texture": "#3"},
				"west": {"uv": [0, 0, 0, 0], "rotation": 270, "texture": "#3"},
				"up": {"uv": [0, 0, 0, 0], "rotation": 270, "texture": "#3"},
				"down": {"uv": [0, 0, 0, 0], "rotation": 270, "texture": "#3"}
			}
		},
		{
			"name": "trigger1",
			"from": [8, 7.14916, 4.75351],
			"to": [8.125, 7.79916, 4.87851],
			"rotation": {"angle": 0, "axis": "y", "origin": [8.3, 6.79916, 4.67851]},
			"faces": {
				"north": {"uv": [0, 0, 0, 0], "rotation": 270, "texture": "#4"},
				"east": {"uv": [0, 0, 0, 0], "rotation": 270, "texture": "#4"},
				"south": {"uv": [0, 0, 0, 0], "rotation": 270, "texture": "#4"},
				"west": {"uv": [0, 0, 0, 0], "rotation": 270, "texture": "#4"},
				"up": {"uv": [0, 0, 0, 0], "rotation": 270, "texture": "#4"},
				"down": {"uv": [0, 0, 0, 0], "rotation": 270, "texture": "#4"}
			}
		},
		{
			"name": "handle_back3",
			"from": [7.75, 5.92416, 3.57851],
			"to": [8.275, 7.92416, 3.97851],
			"rotation": {"angle": 22.5, "axis": "x", "origin": [8.05, 6.92416, 3.77851]},
			"faces": {
				"north": {"uv": [0, 0, 0, 0], "rotation": 270, "texture": "#3"},
				"east": {"uv": [0, 0, 0, 0], "rotation": 270, "texture": "#3"},
				"south": {"uv": [0, 0, 0, 0], "rotation": 270, "texture": "#3"},
				"west": {"uv": [0, 0, 0, 0], "rotation": 270, "texture": "#3"},
				"up": {"uv": [0, 0, 0, 0], "rotation": 270, "texture": "#3"},
				"down": {"uv": [0, 0, 0, 0], "rotation": 270, "texture": "#3"}
			}
		},
		{
			"name": "handle_back2",
			"from": [7.775, 5.92416, 3.57851],
			"to": [8.25, 6.17416, 5.00351],
			"rotation": {"angle": 0, "axis": "y", "origin": [8.05, 6.12416, 4.27851]},
			"faces": {
				"north": {"uv": [0, 0, 0, 0], "rotation": 180, "texture": "#3"},
				"east": {"uv": [0, 0, 0, 0], "rotation": 180, "texture": "#3"},
				"south": {"uv": [0, 0, 0, 0], "rotation": 180, "texture": "#3"},
				"west": {"uv": [0, 0, 0, 0], "rotation": 180, "texture": "#3"},
				"up": {"uv": [0, 0, 0, 0], "rotation": 180, "texture": "#3"},
				"down": {"uv": [0, 0, 0, 0], "rotation": 180, "texture": "#3"}
			}
		},
		{
			"name": "upper_detail",
			"from": [7.85, 9.1, 11.4],
			"to": [8.225, 9.475, 13.25],
			"rotation": {"angle": 0, "axis": "y", "origin": [7.75, 9, 9.225]},
			"faces": {
				"north": {"uv": [0, 0, 0, 0], "texture": "#6"},
				"east": {"uv": [0, 0, 0, 0], "texture": "#6"},
				"south": {"uv": [0, 0, 0, 0], "texture": "#6"},
				"west": {"uv": [0, 0, 0, 0], "texture": "#6"},
				"up": {"uv": [0, 0, 0, 0], "texture": "#6"},
				"down": {"uv": [0, 0, 0, 0], "texture": "#6"}
			}
		},
		{
			"name": "left_detail_small",
			"from": [9.03845, 7.825, 12.09164],
			"to": [9.41345, 8.15, 12.69164],
			"rotation": {"angle": 0, "axis": "y", "origin": [8.93845, 7.7, 9.51664]},
			"faces": {
				"north": {"uv": [0, 0, 0, 0], "texture": "#7"},
				"east": {"uv": [0, 0, 0, 0], "texture": "#7"},
				"south": {"uv": [0, 0, 0, 0], "texture": "#7"},
				"west": {"uv": [0, 0, 0, 0], "texture": "#7"},
				"up": {"uv": [0, 0, 0, 0], "texture": "#7"},
				"down": {"uv": [0, 0, 0, 0], "texture": "#7"}
			}
		},
		{
			"name": "right_detail_small",
			"from": [6.58655, 7.825, 12.09164],
			"to": [6.96155, 8.15, 12.69164],
			"rotation": {"angle": 0, "axis": "y", "origin": [7.06155, 7.7, 9.51664]},
			"faces": {
				"north": {"uv": [0, 0, 0, 0], "texture": "#7"},
				"east": {"uv": [0, 0, 0, 0], "texture": "#7"},
				"south": {"uv": [0, 0, 0, 0], "texture": "#7"},
				"west": {"uv": [0, 0, 0, 0], "texture": "#7"},
				"up": {"uv": [0, 0, 0, 0], "texture": "#7"},
				"down": {"uv": [0, 0, 0, 0], "texture": "#7"}
			}
		},
		{
			"name": "barrel1",
			"from": [7.78655, 7.75, 15.575],
			"to": [8.28655, 8.25, 17.075],
			"rotation": {"angle": 0, "axis": "y", "origin": [8.03655, 8, 16.575]},
			"faces": {
				"north": {"uv": [0.5, 0, 0, 0.5], "texture": "#missing"},
				"east": {"uv": [5, 6, 2, 9], "texture": "#0"},
				"south": {"uv": [4, 5, 5, 6], "texture": "#0"},
				"west": {"uv": [2, 5, 5, 8], "texture": "#0"},
				"up": {"uv": [12, 4, 9, 7], "texture": "#0"},
				"down": {"uv": [9, 11, 5, 14], "texture": "#0"}
			}
		},
		{
			"name": "barrel2",
			"from": [7.78655, 7.75, 15.45],
			"to": [8.28655, 8.25, 16.95],
			"rotation": {"angle": -45, "axis": "z", "origin": [8.03655, 8, 16.45]},
			"faces": {
				"north": {"uv": [13, 5, 4, 9], "texture": "#0"},
				"east": {"uv": [13, 5, 4, 9], "texture": "#0"},
				"south": {"uv": [13, 5, 4, 9], "texture": "#0"},
				"west": {"uv": [13, 5, 4, 9], "texture": "#0"},
				"up": {"uv": [13, 5, 4, 9], "texture": "#0"},
				"down": {"uv": [13, 5, 4, 9], "texture": "#0"}
			}
		},
		{
			"name": "upper_detail_small",
			"from": [7.86155, 9.025, 10.89164],
			"to": [8.21155, 9.35, 11.49164],
			"rotation": {"angle": -22.5, "axis": "x", "origin": [8.03655, 9.1875, 11.19164]},
			"faces": {
				"north": {"uv": [8, 0, 0, 0.5], "texture": "#7"},
				"east": {"uv": [8, 0, 0, 0.5], "texture": "#7"},
				"south": {"uv": [8, 0, 0, 0.5], "texture": "#7"},
				"west": {"uv": [8, 0, 0, 0.5], "texture": "#7"},
				"up": {"uv": [8, 0, 0, 0.5], "texture": "#7"},
				"down": {"uv": [8, 0, 0, 0.5], "texture": "#7"}
			}
		},
		{
			"name": "lower_detail_small",
			"from": [7.86155, 6.65, 10.89164],
			"to": [8.21155, 6.975, 11.49164],
			"rotation": {"angle": 22.5, "axis": "x", "origin": [8.04905, 6.8125, 11.19164]},
			"faces": {
				"north": {"uv": [8, 0, 0, 0.5], "texture": "#7"},
				"east": {"uv": [8, 0, 0, 0.5], "texture": "#7"},
				"south": {"uv": [8, 0, 0, 0.5], "texture": "#7"},
				"west": {"uv": [8, 0, 0, 0.5], "texture": "#7"},
				"up": {"uv": [8, 0, 0, 0.5], "texture": "#7"},
				"down": {"uv": [8, 0, 0, 0.5], "texture": "#7"}
			}
		},
		{
			"name": "lower_detail",
			"from": [7.85, 6.525, 11.4],
			"to": [8.225, 6.9, 13.25],
			"rotation": {"angle": 0, "axis": "y", "origin": [7.75, 7, 9.225]},
			"faces": {
				"north": {"uv": [0, 0, 0, 0], "texture": "#6"},
				"east": {"uv": [0, 0, 0, 0], "texture": "#6"},
				"south": {"uv": [0, 0, 0, 0], "texture": "#6"},
				"west": {"uv": [0, 0, 0, 0], "texture": "#6"},
				"up": {"uv": [0, 0, 0, 0], "texture": "#6"},
				"down": {"uv": [0, 0, 0, 0], "texture": "#6"}
			}
		},
		{
			"name": "left_detail",
			"from": [8.475, 7.8, 12.5],
			"to": [8.85, 8.175, 15],
			"rotation": {"angle": -22.5, "axis": "y", "origin": [8.6625, 7.9875, 14.075]},
			"faces": {
				"north": {"uv": [0, 0, 0, 0], "texture": "#6"},
				"east": {"uv": [0, 0, 0, 0], "texture": "#6"},
				"south": {"uv": [0, 0, 0, 0], "texture": "#6"},
				"west": {"uv": [0, 0, 0, 0], "texture": "#6"},
				"up": {"uv": [0, 0, 0, 0], "texture": "#6"},
				"down": {"uv": [0, 0, 0, 0], "texture": "#6"}
			}
		},
		{
			"name": "right_detail",
			"from": [7.15, 7.8, 12.5],
			"to": [7.525, 8.175, 15],
			"rotation": {"angle": 22.5, "axis": "y", "origin": [7.3375, 7.9875, 14.075]},
			"faces": {
				"north": {"uv": [0, 0, 0, 0], "texture": "#6"},
				"east": {"uv": [0, 0, 0, 0], "texture": "#6"},
				"south": {"uv": [0, 0, 0, 0], "texture": "#6"},
				"west": {"uv": [0, 0, 0, 0], "texture": "#6"},
				"up": {"uv": [0, 0, 0, 0], "texture": "#6"},
				"down": {"uv": [0, 0, 0, 0], "texture": "#6"}
			}
		},
		{
			"name": "upper_barrel",
			"from": [7.475, 9.56879, 10.11314],
			"to": [8.525, 10.06879, 16.11314],
			"rotation": {"angle": 22.5, "axis": "x", "origin": [8, 9.56879, 12.11314]},
			"faces": {
				"north": {"uv": [0, 0, 3, 2], "texture": "#5"},
				"east": {"uv": [0, 3, 16, 5], "texture": "#5"},
				"south": {"uv": [4, 7, 7, 9], "texture": "#5"},
				"west": {"uv": [0, 15, 16, 16], "texture": "#5"},
				"up": {"uv": [12, 0, 15, 16], "texture": "#5"},
				"down": {"uv": [0, 0, 3, 16], "texture": "#5"}
			}
		},
		{
			"name": "lower_barrel",
			"from": [7.5, 5.93121, 10.11314],
			"to": [8.5, 6.45621, 16.11314],
			"rotation": {"angle": -22.5, "axis": "x", "origin": [8, 6.43121, 12.11314]},
			"faces": {
				"north": {"uv": [10, 5, 13, 7], "texture": "#5"},
				"east": {"uv": [0, 3, 16, 5], "texture": "#5"},
				"south": {"uv": [0, 0, 3, 2], "texture": "#5"},
				"west": {"uv": [0, 0, 16, 2], "texture": "#5"},
				"up": {"uv": [0, 0, 3, 16], "texture": "#5"},
				"down": {"uv": [0, 0, 3, 16], "texture": "#5"}
			}
		},
		{
			"name": "guard1",
			"from": [7.5, 5.9125, -0.03048],
			"to": [8.5, 8.4625, 0.44452],
			"rotation": {"angle": 0, "axis": "y", "origin": [8.0375, 6.9875, 0.23202]},
			"faces": {
				"north": {"uv": [0, 0, 0.5, 8], "rotation": 180, "texture": "#2"},
				"east": {"uv": [0, 0, 0.5, 8], "rotation": 180, "texture": "#2"},
				"south": {"uv": [0, 0, 0.5, 8], "rotation": 180, "texture": "#2"},
				"west": {"uv": [0, 0, 0.5, 8], "rotation": 180, "texture": "#2"},
				"up": {"uv": [0, 0, 0.5, 8], "rotation": 180, "texture": "#2"},
				"down": {"uv": [0, 0, 0.5, 8], "rotation": 180, "texture": "#2"}
			}
		},
		{
			"name": "guard2",
			"from": [7.55, 5.92416, 2.02851],
			"to": [8.45, 7.92416, 2.42851],
			"rotation": {"angle": 22.5, "axis": "x", "origin": [8, 6.92416, 2.22851]},
			"faces": {
				"north": {"uv": [0, 0, 0.5, 8], "rotation": 180, "texture": "#2"},
				"east": {"uv": [0, 0, 0.5, 8], "rotation": 180, "texture": "#2"},
				"south": {"uv": [0, 0, 0.5, 8], "rotation": 180, "texture": "#2"},
				"west": {"uv": [0, 0, 0.5, 8], "rotation": 180, "texture": "#2"},
				"up": {"uv": [0, 0, 0.5, 8], "rotation": 180, "texture": "#2"},
				"down": {"uv": [0, 0, 0.5, 8], "rotation": 180, "texture": "#2"}
			}
		},
		{
			"name": "guard3",
			"from": [7.525, 5.92563, 0.03782],
			"to": [8.475, 6.32563, 2.03782],
			"rotation": {"angle": 0, "axis": "y", "origin": [8, 6.12563, 1.03782]},
			"faces": {
				"north": {"uv": [0, 0, 8, 0.5], "rotation": 180, "texture": "#2"},
				"east": {"uv": [0, 0, 8, 0.5], "rotation": 180, "texture": "#2"},
				"south": {"uv": [0, 0, 8, 0.5], "rotation": 180, "texture": "#2"},
				"west": {"uv": [0, 0, 8, 0.5], "rotation": 180, "texture": "#2"},
				"up": {"uv": [0, 0, 8, 0.5], "rotation": 180, "texture": "#2"},
				"down": {"uv": [0, 0, 8, 0.5], "rotation": 180, "texture": "#2"}
			}
		}
	],
	"display": {
		"thirdperson_righthand": {
			"rotation": [-1, -180, 0],
			"translation": [0, 0.75, -4.25],
			"scale": [1.74109, 1.66102, 1.12]
		},
		"thirdperson_lefthand": {
			"rotation": [-1, -180, 0],
			"translation": [0, 0.75, -4],
			"scale": [1.12, 1.12, 1.12]
		},
		"firstperson_righthand": {
			"rotation": [5, -174.25, 0],
			"translation": [-0.25, 3, -6],
			"scale": [2.5, 2.5, 1.53]
		},
		"firstperson_lefthand": {
			"rotation": [5, -174.25, 0],
			"translation": [-0.25, 3, -6],
			"scale": [2.5, 2.5, 1.53]
		},
		"ground": {
			"rotation": [-20, 0, 0],
			"translation": [0, 1.5, 0],
			"scale": [1.15, 1.15, 1.15]
		},
		"gui": {
			"rotation": [0, -90, 0],
			"translation": [0.25, 0, 2.25],
			"scale": [1, 1.36, 0.94]
		},
		"fixed": {
			"rotation": [0, 90, 0],
			"translation": [0, -0.25, -1.5]
		}
	},
	"groups": [
		{
			"name": "core",
			"origin": [8, 8, 8],
			"children": [0, 1, 2, 3, 4, 5, 6, 7, 8, 9]
		},
		{
			"name": "body",
			"origin": [7.9, 8.1, 10.025],
			"children": [10, 11, 12]
		},
		{
			"name": "handle",
			"origin": [8, 8, 8],
			"children": [13, 14, 15, 16, 17, 18, 19]
		},
		{
			"name": "barrel",
			"origin": [8, 8, 8],
			"children": [20, 21, 22, 23, 24, 25, 26, 27, 28, 29, 30, 31]
		},
		{
			"name": "guard",
			"origin": [8.0375, 6.9875, 6.20702],
			"children": [32, 33, 34]
		}
	]
}